{"cameraMode":{"drawMode":0,"name":"Shaded","section":"Shading Mode"},"sceneLighting":true,"audioPlay":false,"sceneViewState":{"m_AlwaysRefresh":false,"showFog":true,"showSkybox":true,"showFlares":true,"showImageEffects":true,"showParticleSystems":true,"showVisualEffectGraphs":true,"m_FxEnabled":false},"in2DMode":false,"pivot":{"x":6.7729363441467289,"y":-0.758963406085968,"z":0.46366065740585329},"rotation":{"x":-0.10581555217504502,"y":-0.6305886507034302,"z":0.08738046884536743,"w":-0.7639804482460022},"size":6.882772922515869,"orthographic":false}